no,name,speed
1,フシギダネ,45
2,フシギソウ,60
3,フシギバナ,80
3,メガフシギバナ,80
4,ヒトカゲ,65
5,リザード,80
6,リザードン,100
6,メガリザードンX,100
6,メガリザードンY,100
7,ゼニガメ,43
8,カメール,58
9,カメックス,78
9,メガカメックス,78
10,キャタピー,45
11,トランセル,30
12,バタフリー,70
13,ビードル,50
14,コクーン,35
15,スピアー,75
15,メガスピアー,145
16,ポッポ,56
17,ピジョン,71
18,ピジョット,101
18,メガピジョット,121
19,コラッタ,72
19,コラッタ(アローラのすがた),72
20,ラッタ,97
20,ラッタ(アローラのすがた),77
21,オニスズメ,70
22,オニドリル,100
23,アーボ,55
24,アーボック,80
25,ピカチュウ,90
25,ピカチュウ(相棒),120
26,ライチュウ,110
26,ライチュウ(アローラのすがた),110
27,サンド,40
27,サンド(アローラのすがた),40
28,サンドパン,65
28,サンドパン(アローラのすがた),65
29,ニドラン♀,41
30,ニドリーナ,56
31,ニドクイン,76
32,ニドラン♂,50
33,ニドリーノ,65
34,ニドキング,85
35,ピッピ,35
36,ピクシー,60
37,ロコン,65
37,ロコン(アローラのすがた),65
38,キュウコン,100
38,キュウコン(アローラのすがた),109
39,プリン,20
40,プクリン,45
41,ズバット,55
42,ゴルバット,90
43,ナゾノクサ,30
44,クサイハナ,40
45,ラフレシア,50
46,パラス,25
47,パラセクト,30
48,コンパン,45
49,モルフォン,90
50,ディグダ,95
50,ディグダ(アローラのすがた),90
51,ダグトリオ,120
51,ダグトリオ(アローラのすがた),110
52,ニャース,90
52,ニャース(アローラのすがた),90
52,ニャース(ガラルのすがた),40
53,ペルシアン,115
53,ペルシアン(アローラのすがた),115
54,コダック,55
55,ゴルダック,85
56,マンキー,70
57,オコリザル,95
58,ガーディ,60
58,ガーディ(ヒスイのすがた),55
59,ウインディ,95
59,ウインディ(ヒスイのすがた),90
60,ニョロモ,90
61,ニョロゾ,90
62,ニョロボン,70
63,ケーシィ,90
64,ユンゲラー,105
65,フーディン,120
65,メガフーディン,150
66,ワンリキー,35
67,ゴーリキー,45
68,カイリキー,55
69,マダツボミ,40
70,ウツドン,55
71,ウツボット,70
72,メノクラゲ,70
73,ドククラゲ,100
74,イシツブテ,20
74,イシツブテ(アローラのすがた),20
75,ゴローン,35
75,ゴローン(アローラのすがた),35
76,ゴローニャ,45
76,ゴローニャ(アローラのすがた),45
77,ポニータ,90
77,ポニータ(ガラルのすがた),90
78,ギャロップ,105
78,ギャロップ(ガラルのすがた),105
79,ヤドン,15
79,ヤドン(ガラルのすがた),15
80,ヤドラン,30
80,メガヤドラン,30
80,ヤドラン(ガラルのすがた),30
81,コイル,45
82,レアコイル,70
83,カモネギ,60
83,カモネギ(ガラルのすがた),55
84,ドードー,75
85,ドードリオ,110
86,パウワウ,45
87,ジュゴン,70
88,ベトベター,25
88,ベトベター(アローラのすがた),25
89,ベトベトン,50
89,ベトベトン(アローラのすがた),50
90,シェルダー,40
91,パルシェン,70
92,ゴース,80
93,ゴースト,95
94,ゲンガー,110
94,メガゲンガー,130
95,イワーク,70
96,スリープ,42
97,スリーパー,67
98,クラブ,50
99,キングラー,75
100,ビリリダマ,100
100,ビリリダマ(ヒスイのすがた),100
101,マルマイン,150
101,マルマイン(ヒスイのすがた),150
102,タマタマ,40
103,ナッシー,55
103,ナッシー(アローラのすがた),45
104,カラカラ,35
105,ガラガラ,45
105,ガラガラ(アローラのすがた),45
106,サワムラー,87
107,エビワラー,76
108,ベロリンガ,30
109,ドガース,35
110,マタドガス,60
110,マタドガス(ガラルのすがた),60
111,サイホーン,25
112,サイドン,40
113,ラッキー,50
114,モンジャラ,60
115,ガルーラ,90
115,メガガルーラ,100
116,タッツー,60
117,シードラ,85
118,トサキント,63
119,アズマオウ,68
120,ヒトデマン,85
121,スターミー,115
122,バリヤード,90
122,バリヤード(ガラルのすがた),100
123,ストライク,105
124,ルージュラ,95
125,エレブー,105
126,ブーバー,93
127,カイロス,85
127,メガカイロス,105
128,ケンタロス,110
128,ケンタロス(パルデアのすがた単),100
128,ケンタロス(パルデアのすがた炎),100
128,ケンタロス(パルデアのすがた水),100
129,コイキング,80
130,ギャラドス,81
130,メガギャラドス,81
131,ラプラス,60
132,メタモン,48
133,イーブイ,55
133,イーブイ(相棒),75
134,シャワーズ,65
135,サンダース,130
136,ブースター,65
137,ポリゴン,40
138,オムナイト,35
139,オムスター,55
140,カブト,55
141,カブトプス,80
142,プテラ,130
142,メガプテラ,150
143,カビゴン,30
144,フリーザー,85
144,フリーザー(ガラルのすがた),95
145,サンダー,100
145,サンダー(ガラルのすがた),100
146,ファイヤー,90
146,ファイヤー(ガラルのすがた),90
147,ミニリュウ,50
148,ハクリュー,70
149,カイリュー,80
150,ミュウツー,130
150,メガミュウツーX,130
150,メガミュウツーY,140
151,ミュウ,100
152,チコリータ,45
153,ベイリーフ,60
154,メガニウム,80
155,ヒノアラシ,65
156,マグマラシ,80
157,バクフーン,100
157,バクフーン(ヒスイのすがた),95
158,ワニノコ,43
159,アリゲイツ,58
160,オーダイル,78
161,オタチ,20
162,オオタチ,90
163,ホーホー,50
164,ヨルノズク,70
165,レディバ,55
166,レディアン,85
167,イトマル,30
168,アリアドス,40
169,クロバット,130
170,チョンチー,67
171,ランターン,67
172,ピチュー,60
173,ピィ,15
174,ププリン,15
175,トゲピー,20
176,トゲチック,40
177,ネイティ,70
178,ネイティオ,95
179,メリープ,35
180,モココ,45
181,デンリュウ,55
181,メガデンリュウ,45
182,キレイハナ,50
183,マリル,40
184,マリルリ,50
185,ウソッキー,30
186,ニョロトノ,70
187,ハネッコ,50
188,ポポッコ,80
189,ワタッコ,110
190,エイパム,85
191,ヒマナッツ,30
192,キマワリ,30
193,ヤンヤンマ,95
194,ウパー,15
194,ウパー(パルデアのすがた),15
195,ヌオー,35
196,エーフィ,110
197,ブラッキー,65
198,ヤミカラス,91
199,ヤドキング,30
199,ヤドキング(ガラルのすがた),30
200,ムウマ,85
201,アンノーン,48
202,ソーナンス,33
203,キリンリキ,85
204,クヌギダマ,15
205,フォレトス,40
206,ノコッチ,45
207,グライガー,85
208,ハガネール,30
208,メガハガネール,30
209,ブルー,30
210,グランブル,45
211,ハリーセン,85
211,ハリーセン(ヒスイのすがた),85
212,ハッサム,65
212,メガハッサム,75
213,ツボツボ,5
214,ヘラクロス,85
214,メガヘラクロス,75
215,ニューラ,115
215,ニューラ(ヒスイのすがた),115
216,ヒメグマ,40
217,リングマ,55
218,マグマッグ,20
219,マグカルゴ,30
220,ウリムー,50
221,イノムー,50
222,サニーゴ,35
222,サニーゴ(ガラルのすがた),30
223,テッポウオ,65
224,オクタン,45
225,デリバード,75
226,マンタイン,70
227,エアームド,70
228,デルビル,65
229,ヘルガー,95
229,メガヘルガー,115
230,キングドラ,85
231,ゴマゾウ,40
232,ドンファン,50
233,ポリゴン2,60
234,オドシシ,85
235,ドーブル,75
236,バルキー,35
237,カポエラー,70
238,ムチュール,65
239,エレキッド,95
240,ブビィ,83
241,ミルタンク,100
242,ハピナス,55
243,ライコウ,115
244,エンテイ,100
245,スイクン,85
246,ヨーギラス,41
247,サナギラス,51
248,バンギラス,61
248,メガバンギラス,71
249,ルギア,110
250,ホウオウ,90
251,セレビィ,100
252,キモリ,70
253,ジュプトル,95
254,ジュカイン,120
254,メガジュカイン,145
255,アチャモ,45
256,ワカシャモ,55
257,バシャーモ,80
257,メガバシャーモ,100
258,ミズゴロウ,40
259,ヌマクロー,50
260,ラグラージ,60
260,メガラグラージ,70
261,ポチエナ,35
262,グラエナ,70
263,ジグザグマ,60
263,ジグザグマ(ガラルのすがた),60
264,マッスグマ,100
264,マッスグマ(ガラルのすがた),100
265,ケムッソ,20
266,カラサリス,15
267,アゲハント,65
268,マユルド,15
269,ドクケイル,65
270,ハスボー,30
271,ハスブレロ,50
272,ルンパッパ,70
273,タネボー,30
274,コノハナ,60
275,ダーテング,80
276,スバメ,85
277,オオスバメ,125
278,キャモメ,85
279,ペリッパー,65
280,ラルトス,40
281,キルリア,50
282,サーナイト,80
282,メガサーナイト,100
283,アメタマ,65
284,アメモース,80
285,キノココ,35
286,キノガッサ,70
287,ナマケロ,30
288,ヤルキモノ,90
289,ケッキング,100
290,ツチニン,40
291,テッカニン,160
292,ヌケニン,40
293,ゴニョニョ,28
294,ドゴーム,48
295,バクオング,68
296,マクノシタ,25
297,ハリテヤマ,50
298,ルリリ,20
299,ノズパス,30
300,エネコ,50
301,エネコロロ,90
302,ヤミラミ,50
302,メガヤミラミ,20
303,クチート,50
303,メガクチート,50
304,ココドラ,30
305,コドラ,40
306,ボスゴドラ,50
306,メガボスゴドラ,50
307,アサナン,60
308,チャーレム,80
308,メガチャーレム,100
309,ラクライ,65
310,ライボルト,105
310,メガライボルト,135
311,プラスル,95
312,マイナン,95
313,バルビート,85
314,イルミーゼ,85
315,ロゼリア,65
316,ゴクリン,40
317,マルノーム,55
318,キバニア,65
319,サメハダー,95
319,メガサメハダー,105
320,ホエルコ,60
321,ホエルオー,60
322,ドンメル,35
323,バクーダ,40
323,メガバクーダ,20
324,コータス,20
325,バネブー,60
326,ブーピッグ,80
327,パッチール,60
328,ナックラー,10
329,ビブラーバ,70
330,フライゴン,100
331,サボネア,35
332,ノクタス,55
333,チルット,50
334,チルタリス,80
334,メガチルタリス,80
335,ザングース,90
336,ハブネーク,65
337,ルナトーン,70
338,ソルロック,70
339,ドジョッチ,60
340,ナマズン,60
341,ヘイガニ,35
342,シザリガー,55
343,ヤジロン,55
344,ネンドール,75
345,リリーラ,23
346,ユレイドル,43
347,アノプス,75
348,アーマルド,45
349,ヒンバス,80
350,ミロカロス,81
351,ポワルン,70
352,カクレオン,40
353,カゲボウズ,45
354,ジュペッタ,65
354,メガジュペッタ,75
355,ヨマワル,25
356,サマヨール,25
357,トロピウス,51
358,チリーン,65
359,アブソル,75
359,メガアブソル,115
360,ソーナノ,23
361,ユキワラシ,50
362,オニゴーリ,80
362,メガオニゴーリ,100
363,タマザラシ,25
364,トドグラー,45
365,トドゼルガ,65
366,パールル,32
367,ハンテール,52
368,サクラビス,52
369,ジーランス,55
370,ラブカス,97
371,タツベイ,50
372,コモルー,50
373,ボーマンダ,100
373,メガボーマンダ,120
374,ダンバル,30
375,メタング,50
376,メタグロス,70
376,メガメタグロス,110
377,レジロック,50
378,レジアイス,50
379,レジスチル,50
380,ラティアス,110
380,メガラティアス,110
381,ラティオス,110
381,メガラティオス,110
382,カイオーガ,90
382,ゲンシカイオーガ,90
383,グラードン,90
383,ゲンシグラードン,90
384,レックウザ,95
384,メガレックウザ,115
385,ジラーチ,100
386,デオキシス(ノーマルフォルム),150
386,デオキシス(アタックフォルム),150
386,デオキシス(ディフェンスフォルム),90
386,デオキシス(スピードフォルム),180
387,ナエトル,31
388,ハヤシガメ,36
389,ドダイトス,56
390,ヒコザル,61
391,モウカザル,81
392,ゴウカザル,108
393,ポッチャマ,40
394,ポッタイシ,50
395,エンペルト,60
396,ムックル,60
397,ムクバード,80
398,ムクホーク,100
399,ビッパ,31
400,ビーダル,71
401,コロボーシ,25
402,コロトック,65
403,コリンク,45
404,ルクシオ,60
405,レントラー,70
406,スボミー,55
407,ロズレイド,90
408,ズガイドス,58
409,ラムパルド,58
410,タテトプス,30
411,トリデプス,30
412,ミノムッチ,36
413,ミノマダム(くさきのミノ),36
413,ミノマダム(すなちのミノ),36
413,ミノマダム(ゴミのミノ),36
414,ガーメイル,66
415,ミツハニー,70
416,ビークイン,40
417,パチリス,95
418,ブイゼル,85
419,フローゼル,115
420,チェリンボ,35
421,チェリム,85
422,カラナクシ(にしのうみ),34
423,トリトドン(にしのうみ),39
424,エテボース,115
425,フワンテ,70
426,フワライド,80
427,ミミロル,85
428,ミミロップ,105
428,メガミミロップ,135
429,ムウマージ,105
430,ドンカラス,71
431,ニャルマー,85
432,ブニャット,112
433,リーシャン,45
434,スカンプー,74
435,スカタンク,84
436,ドーミラー,23
437,ドータクン,33
438,ウソハチ,10
439,マネネ,60
440,ピンプク,30
441,ペラップ,91
442,ミカルゲ,35
443,フカマル,42
444,ガバイト,82
445,ガブリアス,102
445,メガガブリアス,92
446,ゴンベ,5
447,リオル,60
448,ルカリオ,90
448,メガルカリオ,112
449,ヒポポタス,32
450,カバルドン,47
451,スコルピ,65
452,ドラピオン,95
453,グレッグル,50
454,ドクロッグ,85
455,マスキッパ,46
456,ケイコウオ,66
457,ネオラント,91
458,タマンタ,50
459,ユキカブリ,40
460,ユキノオー,60
460,メガユキノオー,30
461,マニューラ,125
462,ジバコイル,60
463,ベロベルト,50
464,ドサイドン,40
465,モジャンボ,50
466,エレキブル,95
467,ブーバーン,83
468,トゲキッス,80
469,メガヤンマ,95
470,リーフィア,95
471,グレイシア,65
472,グライオン,95
473,マンムー,80
474,ポリゴンZ,90
475,エルレイド,80
475,メガエルレイド,110
476,ダイノーズ,40
477,ヨノワール,45
478,ユキメノコ,110
479,ロトム,91
479,ロトム(ヒートロトム),86
479,ロトム(ウォッシュロトム),86
479,ロトム(フロストロトム),86
479,ロトム(スピンロトム),86
479,ロトム(カットロトム),86
480,ユクシー,95
481,エムリット,80
482,アグノム,115
483,ディアルガ,90
483,ディアルガ(オリジンフォルム),90
484,パルキア,100
484,パルキア(オリジンフォルム),120
485,ヒードラン,77
486,レジギガス,100
487,ギラティナ(アナザーフォルム),90
487,ギラティナ(オリジンフォルム),90
488,クレセリア,85
489,フィオネ,80
490,マナフィ,100
491,ダークライ,125
492,シェイミ(ランドフォルム),100
492,シェイミ(スカイフォルム),127
493,アルセウス,120
494,ビクティニ,100
495,ツタージャ,63
496,ジャノビー,83
497,ジャローダ,113
498,ポカブ,45
499,チャオブー,55
500,エンブオー,65
501,ミジュマル,45
502,フタチマル,60
503,ダイケンキ,70
503,ダイケンキ(ヒスイのすがた),85
504,ミネズミ,42
505,ミルホッグ,77
506,ヨーテリー,55
507,ハーデリア,60
508,ムーランド,80
509,チョロネコ,66
510,レパルダス,106
511,ヤナップ,64
512,ヤナッキー,101
513,バオップ,64
514,バオッキー,101
515,ヒヤップ,64
516,ヒヤッキー,101
517,ムンナ,24
518,ムシャーナ,29
519,マメパト,43
520,ハトーボー,65
521,ケンホロウ,93
522,シママ,76
523,ゼブライカ,116
524,ダンゴロ,15
525,ガントル,20
526,ギガイアス,25
527,コロモリ,72
528,ココロモリ,114
529,モグリュー,68
530,ドリュウズ,88
531,タブンネ,50
531,メガタブンネ,50
532,ドッコラー,35
533,ドテッコツ,40
534,ローブシン,45
535,オタマロ,64
536,ガマガル,69
537,ガマゲロゲ,74
538,ナゲキ,45
539,ダゲキ,85
540,クルミル,42
541,クルマユ,42
542,ハハコモリ,92
543,フシデ,57
544,ホイーガ,47
545,ペンドラー,112
546,モンメン,66
547,エルフーン,116
548,チュリネ,30
549,ドレディア,90
549,ドレディア(ヒスイのすがた),105
550,バスラオ(あかすじ),98
550,バスラオ(あおすじ),98
550,バスラオ(しろすじ),98
551,メグロコ,65
552,ワルビル,74
553,ワルビアル,92
554,ダルマッカ,50
554,ダルマッカ(ガラルのすがた),50
555,ヒヒダルマ,95
555,ヒヒダルマ(ダルマモード),55
555,ヒヒダルマ(ガラルのすがた),95
555,ヒヒダルマ(ダルマモード(ガラルのすがた)),135
556,マラカッチ,60
557,イシズマイ,55
558,イワパレス,45
559,ズルッグ,48
560,ズルズキン,58
561,シンボラー,97
562,デスマス,30
562,デスマス(ガラルのすがた),30
563,デスカーン,30
564,プロトーガ,22
565,アバゴーラ,32
566,アーケン,70
567,アーケオス,110
568,ヤブクロン,65
569,ダストダス,75
570,ゾロア,65
570,ゾロア(ヒスイのすがた),70
571,ゾロアーク,105
571,ゾロアーク(ヒスイのすがた),110
572,チラーミィ,75
573,チラチーノ,115
574,ゴチム,45
575,ゴチミル,55
576,ゴチルゼル,65
577,ユニラン,20
578,ダブラン,30
579,ランクルス,30
580,コアルヒー,55
581,スワンナ,98
582,バニプッチ,44
583,バニリッチ,59
584,バイバニラ,79
585,シキジカ,75
586,メブキジカ,95
587,エモンガ,103
588,カブルモ,60
589,シュバルゴ,20
590,タマゲタケ,15
591,モロバレル,30
592,プルリル,40
593,ブルンゲル,60
594,ママンボウ,65
595,バチュル,65
596,デンチュラ,108
597,テッシード,10
598,ナットレイ,20
599,ギアル,30
600,ギギアル,50
601,ギギギアル,90
602,シビシラス,60
603,シビビール,40
604,シビルドン,50
605,リグレー,30
606,オーベム,40
607,ヒトモシ,20
608,ランプラー,55
609,シャンデラ,80
610,キバゴ,57
611,オノンド,67
612,オノノクス,97
613,クマシュン,40
614,ツンベアー,50
615,フリージオ,105
616,チョボマキ,25
617,アギルダー,145
618,マッギョ,32
618,マッギョ(ガラルのすがた),32
619,コジョフー,65
620,コジョンド,105
621,クリムガン,48
622,ゴビット,35
623,ゴルーグ,55
624,コマタナ,60
625,キリキザン,70
626,バッフロン,55
627,ワシボン,60
628,ウォーグル,80
628,ウォーグル(ヒスイのすがた),65
629,バルチャイ,60
630,バルジーナ,80
631,クイタラン,65
632,アイアント,109
633,モノズ,38
634,ジヘッド,58
635,サザンドラ,98
636,メラルバ,60
637,ウルガモス,100
638,コバルオン,108
639,テラキオン,108
640,ビリジオン,108
641,トルネロス(けしんフォルム),111
641,トルネロス(れいじゅうフォルム),121
642,ボルトロス(けしんフォルム),111
642,ボルトロス(れいじゅうフォルム),101
643,レシラム,90
644,ゼクロム,90
645,ランドロス(けしんフォルム),101
645,ランドロス(れいじゅうフォルム),91
646,キュレム,95
646,キュレム(ホワイトキュレム),95
646,キュレム(ブラックキュレム),95
647,ケルディオ(いつものすがた),108
647,ケルディオ(かくごのすがた),108
648,メロエッタ(ボイスフォルム),90
648,メロエッタ(ステップフォルム),128
649,ゲノセクト,99
650,ハリマロン,38
651,ハリボーグ,57
652,ブリガロン,64
653,フォッコ,60
654,テールナー,73
655,マフォクシー,104
656,ケロマツ,71
657,ゲコガシラ,97
658,ゲッコウガ,122
658,ゲッコウガ(サトシゲッコウガ),132
659,ホルビー,57
660,ホルード,78
661,ヤヤコマ,62
662,ヒノヤコマ,84
663,ファイアロー,126
664,コフキムシ,35
665,コフーライ,29
666,ビビヨン,89
667,シシコ,72
668,カエンジシ,106
669,フラベベ,42
670,フラエッテ,52
671,フラージェス,75
672,メェークル,52
673,ゴーゴート,68
674,ヤンチャム,43
675,ゴロンダ,58
676,トリミアン,102
677,ニャスパー,68
678,ニャオニクス(オスの姿),104
678,ニャオニクス(メスの姿),104
679,ヒトツキ,28
680,ニダンギル,35
681,ギルガルド(シールドフォルム),60
681,ギルガルド(ブレードフォルム),60
682,シュシュプ,23
683,フレフワン,29
684,ペロッパフ,49
685,ペロリーム,72
686,マーイーカ,45
687,カラマネロ,73
688,カメテテ,50
689,ガメノデス,68
690,クズモー,30
691,ドラミドロ,44
692,ウデッポウ,44
693,ブロスター,59
694,エリキテル,70
695,エレザード,109
696,チゴラス,48
697,ガチゴラス,71
698,アマルス,46
699,アマルルガ,58
700,ニンフィア,60
701,ルチャブル,118
702,デデンネ,101
703,メレシー,50
704,ヌメラ,40
705,ヌメイル,60
705,ヌメイル(ヒスイのすがた),40
706,ヌメルゴン,80
706,ヌメルゴン(ヒスイのすがた),60
707,クレッフィ,75
708,ボクレー,38
709,オーロット,56
710,バケッチャ(ふつうのサイズ),51
710,バケッチャ(ちいさいサイズ),56
710,バケッチャ(おおきいサイズ),46
710,バケッチャ(とくだいサイズ),41
711,パンプジン(ふつうのサイズ),84
711,パンプジン(ちいさいサイズ),99
711,パンプジン(おおきいサイズ),69
711,パンプジン(とくだいサイズ),54
712,カチコール,28
713,クレベース,28
713,クレベース(ヒスイのすがた),38
714,オンバット,55
715,オンバーン,123
716,ゼルネアス,99
717,イベルタル,99
718,ジガルデ(50%フォルム),95
718,ジガルデ(10%フォルム),115
718,ジガルデ(パーフェクトフォルム),85
719,ディアンシー,50
719,メガディアンシー,110
720,フーパ(いましめられしフーパ),70
720,フーパ(ときはなたれしフーパ),80
721,ボルケニオン,70
722,モクロー,42
723,フクスロー,52
724,ジュナイパー,70
724,ジュナイパー(ヒスイのすがた),60
725,ニャビー,70
726,ニャヒート,90
727,ガオガエン,60
728,アシマリ,40
729,オシャマリ,50
730,アシレーヌ,60
731,ツツケラ,65
732,ケララッパ,75
733,ドデカバシ,60
734,ヤングース,45
735,デカグース,45
736,アゴジムシ,46
737,デンヂムシ,36
738,クワガノン,43
739,マケンカニ,63
740,ケケンカニ,43
741,オドリドリ(めらめらスタイル),93
741,オドリドリ(ぱちぱちスタイル),93
741,オドリドリ(ふらふらスタイル),93
741,オドリドリ(まいまいスタイル),93
742,アブリー,84
743,アブリボン,124
744,イワンコ,60
745,ルガルガン(まひるのすがた),112
745,ルガルガン(まよなかのすがた),82
745,ルガルガン(たそがれのすがた),110
746,ヨワシ(たんどくのすがた),40
746,ヨワシ(むれたすがた),30
747,ヒドイデ,45
748,ドヒドイデ,35
749,ドロバンコ,45
750,バンバドロ,35
751,シズクモ,27
752,オニシズクモ,42
753,カリキリ,35
754,ラランテス,45
755,ネマシュ,15
756,マシェード,30
757,ヤトウモリ,77
758,エンニュート,117
759,ヌイコグマ,50
760,キテルグマ,60
761,アマカジ,32
762,アママイコ,62
763,アマージョ,72
764,キュワワー,100
765,ヤレユータン,60
766,ナゲツケサル,80
767,コソクムシ,80
768,グソクムシャ,40
769,スナバァ,15
770,シロデスナ,35
771,ナマコブシ,5
772,タイプ：ヌル,59
773,シルヴァディ,95
774,メテノ(りゅうせいのすがた),60
774,メテノ(コア),120
775,ネッコアラ,65
776,バクガメス,36
777,トゲデマル,96
778,ミミッキュ,96
779,ハギギシリ,92
780,ジジーロン,36
781,ダダリン,40
782,ジャラコ,45
783,ジャランゴ,65
784,ジャラランガ,85
785,カプ・コケコ,130
786,カプ・テテフ,95
787,カプ・ブルル,75
788,カプ・レヒレ,85
789,コスモッグ,37
790,コスモウム,37
791,ソルガレオ,97
792,ルナアーラ,97
793,ウツロイド,103
794,マッシブーン,79
795,フェローチェ,151
796,デンジュモク,83
797,テッカグヤ,61
798,カミツルギ,109
799,アクジキング,43
800,ネクロズマ,79
800,ネクロズマ(たそがれのたてがみ(日食)),77
800,ネクロズマ(あかつきのつばさ(月食)),77
800,ネクロズマ(ウルトラネクロズマ),129
801,マギアナ,65
802,マーシャドー,125
803,ベベノム,73
804,アーゴヨン,121
805,ツンデツンデ,13
806,ズガドーン,107
807,ゼラオラ,143
808,メルタン,34
809,メルメタル,34
810,サルノリ,65
811,バチンキー,80
812,ゴリランダー,85
813,ヒバニー,69
814,ラビフット,94
815,エースバーン,119
816,メッソン,70
817,ジメレオン,90
818,インテレオン,120
819,ホシガリス,25
820,ヨクバリス,20
821,ココガラ,57
822,アオガラス,77
823,アーマーガア,67
824,サッチムシ,45
825,レドームシ,30
826,イオルブ,90
827,クスネ,50
828,フォクスライ,90
829,ヒメンカ,10
830,ワタシラガ,60
831,ウールー,48
832,バイウールー,88
833,カムカメ,44
834,カジリガメ,74
835,ワンパチ,26
836,パルスワン,121
837,タンドン,30
838,トロッゴン,50
839,セキタンザン,30
840,カジッチュ,20
841,アップリュー,70
842,タルップル,30
843,スナヘビ,46
844,サダイジャ,71
845,ウッウ,85
846,サシカマス,66
847,カマスジョー,136
848,エレズン,40
849,ストリンダー(ハイなすがた),75
849,ストリンダー(ローなすがた),75
850,ヤクデ,45
851,マルヤクデ,65
852,タタッコ,32
853,オトスパス,42
854,ヤバチャ,50
855,ポットデス,70
856,ミブリム,39
857,テブリム,49
858,ブリムオン,29
859,ベロバー,50
860,ギモー,70
861,オーロンゲ,60
862,タチフサグマ,95
863,ニャイキング,50
864,サニゴーン,30
865,ネギガナイト,65
866,バリコオル,70
867,デスバーン,30
868,マホミル,34
869,マホイップ,64
870,タイレーツ,75
871,バチンウニ,15
872,ユキハミ,20
873,モスノウ,65
874,イシヘンジン,70
875,コオリッポ(アイスフェイス),50
875,コオリッポ(ナイスフェイス),130
876,イエッサン(オスのすがた),95
876,イエッサン(メスのすがた),85
877,モルペコ,97
878,ゾウドウ,40
879,ダイオウドウ,30
880,パッチラゴン,75
881,パッチルドン,55
882,ウオノラゴン,75
883,ウオチルドン,55
884,ジュラルドン,85
885,ドラメシヤ,82
886,ドロンチ,102
887,ドラパルト,142
888,ザシアン(れきせんのゆうしゃ),138
888,ザシアン(けんのおう),148
889,ザマゼンタ(れきせんのゆうしゃ),138
889,ザマゼンタ(たてのおう),128
890,ムゲンダイナ,130
891,ダクマ,72
892,ウーラオス(いちげきのかた),97
892,ウーラオス(れんげきのかた),97
893,ザルード,105
894,レジエレキ,200
895,レジドラゴ,80
896,ブリザポス,30
897,レイスポス,130
898,バドレックス,80
898,バドレックス(はくばじょうのすがた),50
898,バドレックス(こくばじょうのすがた),150
899,アヤシシ,65
900,バサギリ,85
901,ガチグマ,50
901,ガチグマ(アカツキ),52
902,イダイトウ(オスのすがた),78
902,イダイトウ(メスのすがた),78
903,オオニューラ,120
904,ハリーマン,85
905,ラブトロス(けしんフォルム),106
905,ラブトロス(れいじゅうフォルム),46
906,ニャオハ,65
907,ニャローテ,83
908,マスカーニャ,123
909,ホゲータ,36
910,アチゲータ,49
911,ラウドボーン,66
912,クワッス,50
913,ウェルカモ,65
914,ウェーニバル,85
915,グルトン,35
916,パフュートン(オスのすがた),65
916,パフュートン(メスのすがた),65
917,タマンチュラ,20
918,ワナイダー,35
919,マメバッタ,45
920,エクスレッグ,92
921,パモ,60
922,パモット,85
923,パーモット,105
924,ワッカネズミ,75
925,イッカネズミ(3びきかぞく),111
925,イッカネズミ(4ひきかぞく),111
926,パピモッチ,65
927,バウッツェル,95
928,ミニーブ,30
929,オリーニョ,33
930,オリーヴァ,39
931,イキリンコ(グリーンフェザー),92
931,イキリンコ(ブルーフェザー),92
931,イキリンコ(イエローフェザー),92
931,イキリンコ(ホワイトフェザー),92
932,コジオ,25
933,ジオヅム,35
934,キョジオーン,35
935,カルボウ,35
936,グレンアルマ,75
937,ソウブレイズ,85
938,ズピカ,45
939,ハラバリー,45
940,カイデン,70
941,タイカイデン,125
942,オラチフ,51
943,マフィティフ,85
944,シルシュルー,75
945,タギングル,110
946,アノクサ,60
947,アノホラグサ,90
948,ノノクラゲ,70
949,リククラゲ,100
950,ガケガニ,75
951,カプサイジ,50
952,スコヴィラン,75
953,シガロコ,30
954,ベラカス,45
955,ヒラヒナ,75
956,クエスパトラ,105
957,カヌチャン,58
958,ナカヌチャン,78
959,デカヌチャン,94
960,ウミディグダ,95
961,ウミトリオ,120
962,オトシドリ,82
963,ナミイルカ,75
964,イルカマン(ナイーブフォルム),100
964,イルカマン(マイティフォルム),100
965,ブロロン,47
966,ブロロローム,90
967,モトトカゲ,121
968,ミミズズ,65
969,キラーメ,60
970,キラフロル,86
971,ボチ,34
972,ハカドッグ,68
973,カラミンゴ,90
974,アルクジラ,43
975,ハルクジラ,73
976,ミガルーサ,70
977,ヘイラッシャ,35
978,シャリタツ(そったすがた),82
978,シャリタツ(たれたすがた),82
978,シャリタツ(のびたすがた),82
979,コノヨザル,90
980,ドオー,20
981,リキキリン,60
982,ノココッチ(ふたふしフォルム),55
982,ノココッチ(みつふしフォルム),55
983,ドドゲザン,50
984,イダイナキバ,87
985,サケブシッポ,111
986,アラブルタケ,55
987,ハバタクカミ,135
988,チヲハウハネ,81
989,スナノケガワ,101
990,テツノワダチ,106
991,テツノツツミ,136
992,テツノカイナ,50
993,テツノコウベ,108
994,テツノドクガ,110
995,テツノイバラ,72
996,セビエ,55
997,セゴール,62
998,セグレイブ,87
999,コレクレー(はこフォルム),10
999,コレクレー(とほフォルム),80
1000,サーフゴー,84
1001,チオンジェン,70
1002,パオジアン,135
1003,ディンルー,45
1004,イーユイ,100
1005,トドロクツキ,119
1006,テツノブジン,116
1007,コライドン,135
1008,ミライドン,135
1009,ウネルミナモ,109
1010,テツノイサハ,104
1011,カミッチュ,40
1012,チャデス,50
1013,ヤバソチャ,70
1014,イイネイヌ,80
1015,マシマシラ,106
1016,キチキギス,99
1017,オーガポン(みどりのめん),110
1017,オーガポン(いどのめん),110
1017,オーガポン(かまどのめん),110
1017,オーガポン(いしずえのめん),110
1018,ブリジュラス,85
1019,カミツオロチ,44
1020,ウガツホムラ,91
1021,タケルライコ,75
1022,テツノイワオ,124
1023,テツノカシラ,98
1024,テラパゴス,60
1024,テラパゴス(テラスタルフォルム),85
1024,テラパゴス(ステラフォルム),85
1025,モモワロウ,88